item_id,brand,brand_type,category
1,1,Established,Grocery
2,1,Established,Miscellaneous
3,56,Local,Bakery
4,56,Local,Grocery
5,56,Local,Grocery
6,56,Local,Grocery
7,56,Local,Pharmaceutical
8,56,Local,Bakery
9,11,Local,Grocery
10,56,Local,Grocery
11,21,Established,Pharmaceutical
12,56,Local,Grocery
13,1,Established,Grocery
14,56,Local,Grocery
15,56,Local,Grocery
16,56,Local,Grocery
17,56,Local,Grocery
18,56,Local,Grocery
19,56,Local,Pharmaceutical
20,56,Local,Grocery
21,56,Local,Grocery
22,56,Local,Grocery
23,56,Local,Grocery
24,56,Local,Grocery
25,56,Local,Grocery
26,56,Local,Grocery
27,56,Local,Grocery
28,56,Local,Grocery
29,56,Local,Grocery
30,56,Local,Grocery
31,56,Local,Grocery
32,56,Local,Grocery
33,56,Local,Grocery
34,56,Local,Grocery
35,56,Local,Grocery
36,56,Local,Grocery
37,56,Local,Grocery
38,56,Local,Grocery
39,56,Local,Grocery
40,56,Local,Grocery
41,56,Local,Grocery
42,56,Local,Grocery
43,56,Local,Grocery
44,56,Local,Grocery
45,56,Local,Grocery
46,56,Local,Grocery
47,56,Local,Grocery
48,56,Local,Packaged Meat
49,56,Local,Grocery
50,56,Local,Grocery
51,56,Local,Seafood
52,56,Local,Grocery
53,56,Local,Bakery
54,56,Local,Seafood
55,56,Local,Grocery
56,56,Local,Bakery
57,56,Local,Grocery
58,56,Local,Grocery
59,56,Local,Natural Products
60,56,Local,Packaged Meat
61,56,Local,Grocery
62,56,Local,Grocery
63,56,Local,Grocery
64,56,Local,Grocery
65,56,Local,Natural Products
66,56,Local,Grocery
67,56,Local,Grocery
68,56,Local,Grocery
69,56,Local,Bakery
70,56,Local,Grocery
71,162,Established,Grocery
72,56,Local,Grocery
73,162,Established,Grocery
74,56,Local,Seafood
75,56,Local,Grocery
76,209,Established,Grocery
77,278,Established,Grocery
78,56,Local,Grocery
79,56,Local,Grocery
80,56,Local,Grocery
81,278,Established,Grocery
82,56,Local,Grocery
83,56,Local,Grocery
84,56,Local,Grocery
85,56,Local,Grocery
86,162,Established,Grocery
87,56,Local,Seafood
88,56,Local,Natural Products
89,56,Local,Seafood
90,56,Local,Grocery
91,56,Local,Pharmaceutical
92,56,Local,Grocery
93,56,Local,Pharmaceutical
94,56,Local,Grocery
95,105,Established,Grocery
96,56,Local,Pharmaceutical
97,162,Established,Grocery
98,487,Established,Grocery
99,162,Established,Grocery
100,25,Established,Grocery
101,56,Local,Grocery
102,162,Established,Grocery
103,189,Established,Pharmaceutical
104,56,Local,Grocery
105,487,Established,Grocery
106,56,Local,Grocery
107,4700,Established,Grocery
108,365,Established,"Dairy, Juices & Snacks"
109,363,Established,Grocery
110,56,Local,Grocery
111,209,Established,Grocery
112,56,Local,Grocery
113,172,Established,Grocery
114,524,Established,Grocery
115,10,Established,"Dairy, Juices & Snacks"
116,971,Established,Grocery
117,56,Local,Bakery
118,56,Local,Grocery
119,316,Established,Pharmaceutical
120,619,Established,Pharmaceutical
121,619,Established,Pharmaceutical
122,971,Established,Grocery
123,56,Local,Grocery
124,475,Established,Grocery
125,634,Established,Grocery
126,619,Established,Pharmaceutical
127,133,Established,Grocery
128,971,Established,Grocery
129,56,Local,Grocery
130,83,Established,Pharmaceutical
131,56,Local,Bakery
132,56,Local,Grocery
133,46,Established,Pharmaceutical
134,172,Established,Grocery
135,56,Local,Grocery
136,56,Local,Grocery
137,89,Established,Grocery
138,56,Local,Grocery
139,56,Local,Grocery
140,56,Local,Bakery
141,619,Established,Pharmaceutical
142,209,Established,Grocery
143,56,Local,Grocery
144,11,Local,Grocery
145,914,Established,Grocery
146,56,Local,Grocery
147,293,Established,Grocery
148,56,Local,Grocery
149,56,Local,Grocery
150,56,Local,Pharmaceutical
151,779,Established,Pharmaceutical
152,56,Local,Bakery
153,56,Local,Prepared Food
154,487,Established,Grocery
155,475,Established,Grocery
156,619,Established,Pharmaceutical
157,619,Established,Pharmaceutical
158,634,Established,Grocery
159,56,Local,Grocery
160,56,Local,Grocery
161,1025,Established,Pharmaceutical
162,946,Established,Grocery
163,946,Established,Grocery
164,56,Local,Grocery
165,56,Local,Grocery
166,746,Established,Grocery
167,971,Established,Grocery
168,56,Local,Grocery
169,209,Established,Grocery
170,971,Established,Grocery
171,676,Established,Grocery
172,619,Established,Pharmaceutical
173,951,Established,Pharmaceutical
174,686,Established,Grocery
175,1143,Established,Grocery
176,487,Established,Grocery
177,56,Local,Grocery
178,363,Established,Grocery
179,56,Local,Grocery
180,56,Local,Bakery
181,1143,Established,Grocery
182,56,Local,Bakery
183,56,Local,Bakery
184,387,Established,Grocery
185,162,Established,Grocery
186,56,Local,Bakery
187,475,Established,Pharmaceutical
188,487,Established,Grocery
189,686,Established,Grocery
190,971,Established,Grocery
191,1569,Established,Grocery
192,1016,Established,Grocery
193,971,Established,Grocery
194,1143,Established,Grocery
195,1143,Established,Grocery
196,56,Local,Bakery
197,56,Local,Grocery
198,951,Established,Pharmaceutical
199,278,Established,Grocery
200,1213,Established,Pharmaceutical
201,56,Local,Grocery
202,56,Local,Bakery
203,56,Local,Grocery
204,782,Established,Grocery
205,160,Established,Grocery
206,56,Local,Bakery
207,56,Local,Bakery
208,1025,Established,Pharmaceutical
209,867,Established,Grocery
210,56,Local,Grocery
211,101,Established,Pharmaceutical
212,56,Local,Grocery
213,1143,Established,Grocery
214,971,Established,Grocery
215,406,Established,Grocery
216,1308,Established,Grocery
217,56,Local,Grocery
218,56,Local,Grocery
219,1124,Established,Grocery
220,56,Local,Grocery
221,56,Local,Grocery
222,619,Established,Pharmaceutical
223,209,Established,Grocery
224,1923,Established,Grocery
225,1025,Established,Pharmaceutical
226,278,Established,Grocery
227,56,Local,Grocery
228,56,Local,Grocery
229,56,Local,Grocery
230,56,Local,Grocery
231,1193,Established,Grocery
232,56,Local,Grocery
233,56,Local,Grocery
234,56,Local,Grocery
235,56,Local,Grocery
236,328,Established,Skin & Hair Care
237,56,Local,Pharmaceutical
238,56,Local,Grocery
239,56,Local,Grocery
240,1124,Established,Grocery
241,56,Local,Skin & Hair Care
242,1764,Established,Pharmaceutical
243,56,Local,Bakery
244,56,Local,Bakery
245,56,Local,Grocery
246,1124,Established,Grocery
247,56,Local,Grocery
248,487,Established,Grocery
249,1665,Established,Grocery
250,56,Local,Grocery
251,56,Local,Grocery
252,56,Local,Grocery
253,829,Established,Pharmaceutical
254,56,Local,Grocery
255,172,Established,Grocery
256,1088,Established,Grocery
257,56,Local,Grocery
258,749,Established,Grocery
259,56,Local,Grocery
260,406,Established,Grocery
261,56,Local,Grocery
262,56,Local,Grocery
263,56,Local,Grocery
264,971,Established,Grocery
265,691,Established,Pharmaceutical
266,533,Established,Grocery
267,56,Local,Pharmaceutical
268,1124,Established,Grocery
269,1193,Established,Grocery
270,1060,Established,Grocery
271,1235,Established,Grocery
272,350,Established,Packaged Meat
273,1124,Established,Grocery
274,56,Local,Grocery
275,56,Local,Grocery
276,56,Local,Grocery
277,56,Local,Grocery
278,475,Established,Grocery
279,56,Local,Pharmaceutical
280,971,Established,Grocery
281,56,Local,Grocery
282,984,Established,Packaged Meat
283,1143,Established,Grocery
284,1000,Established,Packaged Meat
285,853,Established,Grocery
286,686,Established,Pharmaceutical
287,789,Established,"Dairy, Juices & Snacks"
288,56,Local,Pharmaceutical
289,1124,Established,Grocery
290,829,Established,Pharmaceutical
291,1996,Established,Grocery
292,369,Established,Grocery
293,1340,Established,Grocery
294,56,Local,Grocery
295,1124,Established,Grocery
296,56,Local,Grocery
297,56,Local,Pharmaceutical
298,56,Local,Grocery
299,56,Local,Pharmaceutical
300,1143,Established,Grocery
301,2084,Established,Grocery
302,989,Established,Packaged Meat
303,1569,Established,Grocery
304,141,Established,Grocery
305,1878,Established,Pharmaceutical
306,56,Local,Pharmaceutical
307,56,Local,Grocery
308,1709,Established,Grocery
309,212,Established,Grocery
310,56,Local,Grocery
311,303,Established,Pharmaceutical
312,56,Local,Pharmaceutical
313,1274,Established,Pharmaceutical
314,56,Local,Grocery
315,1193,Established,Grocery
316,56,Local,Grocery
317,56,Local,Grocery
318,56,Local,Pharmaceutical
319,56,Local,Pharmaceutical
320,56,Local,Grocery
321,56,Local,Grocery
322,898,Established,Grocery
323,1710,Established,Bakery
324,676,Established,Grocery
325,56,Local,Grocery
326,971,Established,Grocery
327,56,Local,Grocery
328,1124,Established,Grocery
329,212,Established,Grocery
330,56,Local,Pharmaceutical
331,4700,Established,Grocery
332,56,Local,Grocery
333,56,Local,Grocery
334,56,Local,Grocery
335,686,Established,Pharmaceutical
336,686,Established,Grocery
337,2213,Established,"Dairy, Juices & Snacks"
338,1393,Established,Packaged Meat
339,56,Local,Grocery
340,1996,Established,Grocery
341,56,Local,Grocery
342,619,Established,Pharmaceutical
343,56,Local,Grocery
344,1124,Established,Grocery
345,56,Local,Grocery
346,56,Local,Pharmaceutical
347,56,Local,Pharmaceutical
348,56,Local,Grocery
349,56,Local,Pharmaceutical
350,1709,Established,Grocery
351,56,Local,Grocery
352,162,Established,Grocery
353,56,Local,Grocery
354,1947,Established,Pharmaceutical
355,619,Established,Grocery
356,56,Local,Grocery
357,56,Local,Pharmaceutical
358,56,Local,Grocery
359,1536,Established,Pharmaceutical
360,56,Local,Grocery
361,2011,Established,Packaged Meat
362,2011,Established,Packaged Meat
363,56,Local,Grocery
364,56,Local,Grocery
365,1354,Established,Grocery
366,56,Local,Grocery
367,56,Local,Grocery
368,56,Local,Grocery
369,714,Established,Grocery
370,1143,Established,Grocery
371,56,Local,Grocery
372,56,Local,Grocery
373,56,Local,Grocery
374,56,Local,Grocery
375,56,Local,Grocery
376,56,Local,Pharmaceutical
377,1124,Established,Grocery
378,56,Local,Grocery
379,56,Local,Grocery
380,56,Local,Pharmaceutical
381,56,Local,Grocery
382,892,Established,Grocery
383,56,Local,Grocery
384,56,Local,Grocery
385,4467,Established,Pharmaceutical
386,56,Local,Grocery
387,56,Local,Grocery
388,893,Established,Grocery
389,56,Local,Bakery
390,1367,Established,Grocery
391,56,Local,Grocery
392,56,Local,Pharmaceutical
393,522,Established,Grocery
394,56,Local,Grocery
395,4467,Established,Pharmaceutical
396,686,Established,Grocery
397,56,Local,Grocery
398,56,Local,Pharmaceutical
399,56,Local,Grocery
400,4467,Established,Pharmaceutical
401,56,Local,Grocery
402,56,Local,Grocery
403,56,Local,Grocery
404,56,Local,Grocery
405,1088,Established,Grocery
406,56,Local,Grocery
407,1665,Established,Grocery
408,785,Established,Pharmaceutical
409,56,Local,Grocery
410,56,Local,Grocery
411,56,Local,Grocery
412,56,Local,Grocery
413,56,Local,Grocery
414,1059,Established,Grocery
415,56,Local,Grocery
416,4467,Established,Pharmaceutical
417,56,Local,Grocery
418,56,Local,Grocery
419,611,Established,Grocery
420,1463,Established,Grocery
421,1620,Established,Grocery
422,1665,Established,Grocery
423,56,Local,Grocery
424,56,Local,Grocery
425,56,Local,Grocery
426,56,Local,Grocery
427,56,Local,Grocery
428,1596,Established,Packaged Meat
429,56,Local,Grocery
430,56,Local,Grocery
431,4467,Established,Pharmaceutical
432,56,Local,Grocery
433,56,Local,Grocery
434,56,Local,Pharmaceutical
435,56,Local,Grocery
436,56,Local,Grocery
437,56,Local,Grocery
438,56,Local,Grocery
439,1143,Established,Grocery
440,1737,Established,Grocery
441,56,Local,Grocery
442,56,Local,Grocery
443,56,Local,Grocery
444,56,Local,Grocery
445,56,Local,Grocery
446,56,Local,Grocery
447,56,Local,Grocery
448,56,Local,Grocery
449,56,Local,Grocery
450,56,Local,Grocery
451,56,Local,Grocery
452,56,Local,Grocery
453,56,Local,Grocery
454,1824,Established,Grocery
455,56,Local,Grocery
456,56,Local,Grocery
457,56,Local,Grocery
458,56,Local,Grocery
459,56,Local,Grocery
460,56,Local,Grocery
461,56,Local,Grocery
462,56,Local,Grocery
463,56,Local,Grocery
464,56,Local,Grocery
465,56,Local,Grocery
466,56,Local,Grocery
467,56,Local,Grocery
468,56,Local,Grocery
469,56,Local,Grocery
470,56,Local,Grocery
471,56,Local,Grocery
472,56,Local,Grocery
473,56,Local,Grocery
474,1447,Established,Grocery
475,56,Local,Grocery
476,56,Local,Grocery
477,56,Local,Grocery
478,56,Local,Grocery
479,381,Established,Grocery
480,56,Local,Grocery
481,56,Local,Grocery
482,4467,Established,Pharmaceutical
483,1262,Established,Pharmaceutical
484,56,Local,Grocery
485,56,Local,Pharmaceutical
486,56,Local,Grocery
487,56,Local,Grocery
488,56,Local,Grocery
489,56,Local,Grocery
490,829,Established,Pharmaceutical
491,56,Local,Grocery
492,56,Local,Pharmaceutical
493,56,Local,Grocery
494,898,Established,Grocery
495,56,Local,Grocery
496,56,Local,Grocery
497,2069,Established,Natural Products
498,56,Local,Grocery
499,56,Local,Pharmaceutical
500,11,Local,Grocery
501,56,Local,Grocery
502,56,Local,Grocery
503,56,Local,Grocery
504,56,Local,Grocery
505,56,Local,Bakery
506,56,Local,Grocery
507,56,Local,Grocery
508,56,Local,Grocery
509,56,Local,Grocery
510,56,Local,Grocery
511,1381,Established,Grocery
512,574,Established,Grocery
513,56,Local,Grocery
514,56,Local,Grocery
515,56,Local,Grocery
516,56,Local,Grocery
517,56,Local,Grocery
518,56,Local,Grocery
519,56,Local,Grocery
520,56,Local,Grocery
521,56,Local,Grocery
522,56,Local,Grocery
523,56,Local,Grocery
524,56,Local,Grocery
525,56,Local,Grocery
526,1124,Established,Grocery
527,2213,Established,"Dairy, Juices & Snacks"
528,1381,Established,Grocery
529,56,Local,Seafood
530,1953,Established,Grocery
531,56,Local,Packaged Meat
532,56,Local,Grocery
533,56,Local,Grocery
534,56,Local,Pharmaceutical
535,487,Established,Grocery
536,56,Local,Grocery
537,1381,Established,Grocery
538,56,Local,Grocery
539,56,Local,Grocery
540,56,Local,Grocery
541,56,Local,Grocery
542,56,Local,Grocery
543,56,Local,Grocery
544,56,Local,Grocery
545,56,Local,Grocery
546,56,Local,Grocery
547,56,Local,Grocery
548,369,Established,Grocery
549,56,Local,Grocery
550,56,Local,Grocery
551,56,Local,Grocery
552,56,Local,Grocery
553,56,Local,Grocery
554,369,Established,Grocery
555,56,Local,Grocery
556,1381,Established,Grocery
557,56,Local,Grocery
558,160,Established,Grocery
559,1134,Established,Grocery
560,56,Local,Grocery
561,56,Local,Grocery
562,56,Local,Grocery
563,56,Local,Grocery
564,1824,Established,Grocery
565,56,Local,Grocery
566,56,Local,Grocery
567,56,Local,Grocery
568,56,Local,Grocery
569,56,Local,Grocery
570,56,Local,Grocery
571,369,Established,Grocery
572,56,Local,Grocery
573,11,Local,Grocery
574,56,Local,Grocery
575,1953,Established,Grocery
576,56,Local,Grocery
577,446,Established,Grocery
578,56,Local,Pharmaceutical
579,278,Established,Grocery
580,2320,Established,Grocery
581,56,Local,Grocery
582,1996,Established,Grocery
583,56,Local,Grocery
584,56,Local,Grocery
585,1553,Established,Grocery
586,1996,Established,Grocery
587,278,Established,Grocery
588,56,Local,Grocery
589,56,Local,Pharmaceutical
590,56,Local,Grocery
591,56,Local,Grocery
592,56,Local,Grocery
593,56,Local,Grocery
594,714,Established,Grocery
595,56,Local,Grocery
596,56,Local,Grocery
597,686,Established,Pharmaceutical
598,57,Established,Grocery
599,56,Local,Grocery
600,56,Local,Grocery
601,56,Local,Grocery
602,56,Local,Grocery
603,56,Local,Grocery
604,56,Local,Grocery
605,2025,Established,Grocery
606,2320,Established,Grocery
607,56,Local,Grocery
608,1340,Established,Grocery
609,56,Local,Grocery
610,56,Local,Grocery
611,56,Local,Grocery
612,56,Local,Grocery
613,56,Local,Grocery
614,56,Local,Grocery
615,56,Local,Grocery
616,56,Local,Grocery
617,56,Local,Grocery
618,56,Local,Grocery
619,56,Local,Grocery
620,56,Local,Grocery
621,56,Local,Grocery
622,1381,Established,Grocery
623,56,Local,Grocery
624,56,Local,Grocery
625,56,Local,Grocery
626,56,Local,Grocery
627,714,Established,Grocery
628,56,Local,Grocery
629,1,Established,Natural Products
630,56,Local,Pharmaceutical
631,56,Local,Grocery
632,1,Established,Natural Products
633,56,Local,Grocery
634,56,Local,Grocery
635,4633,Established,Natural Products
636,3782,Established,Meat
637,56,Local,Grocery
638,1000,Established,Packaged Meat
639,446,Established,Grocery
640,1961,Established,Grocery
641,56,Local,Grocery
642,56,Local,Grocery
643,56,Local,Grocery
644,56,Local,Grocery
645,56,Local,Prepared Food
646,823,Established,Grocery
647,56,Local,Grocery
648,2320,Established,Grocery
649,1,Established,Natural Products
650,56,Local,Grocery
651,56,Local,Grocery
652,56,Local,Grocery
653,1,Established,Grocery
654,2320,Established,Grocery
655,56,Local,Grocery
656,56,Local,Grocery
657,2011,Established,Packaged Meat
658,56,Local,Grocery
659,162,Established,Grocery
660,56,Local,Grocery
661,2320,Established,Grocery
662,56,Local,Grocery
663,56,Local,Grocery
664,1487,Established,Natural Products
665,2320,Established,Grocery
666,56,Local,Grocery
667,56,Local,Grocery
668,56,Local,Pharmaceutical
669,56,Local,Grocery
670,56,Local,Grocery
671,56,Local,Skin & Hair Care
672,946,Established,Grocery
673,56,Local,Pharmaceutical
674,1,Established,Natural Products
675,56,Local,Grocery
676,56,Local,Packaged Meat
677,56,Local,Grocery
678,56,Local,Grocery
679,946,Established,Grocery
680,56,Local,Grocery
681,56,Local,Pharmaceutical
682,56,Local,Grocery
683,147,Established,Grocery
684,1709,Established,Grocery
685,946,Established,Grocery
686,56,Local,Grocery
687,56,Local,Grocery
688,56,Local,Natural Products
689,56,Local,Grocery
690,2127,Established,Grocery
691,56,Local,Grocery
692,1354,Established,Grocery
693,686,Established,Grocery
694,56,Local,Grocery
695,337,Established,Natural Products
696,56,Local,Grocery
697,56,Local,Grocery
698,2103,Established,Grocery
699,56,Local,Grocery
700,56,Local,Grocery
701,681,Established,Grocery
702,56,Local,Grocery
703,56,Local,Grocery
704,56,Local,Grocery
705,56,Local,Grocery
706,369,Established,Grocery
707,56,Local,Grocery
708,56,Local,Grocery
709,56,Local,Grocery
710,56,Local,Grocery
711,115,Established,Grocery
712,544,Established,Grocery
713,971,Established,Grocery
714,989,Established,Packaged Meat
715,172,Established,Grocery
716,56,Local,Grocery
717,1,Established,Natural Products
718,602,Established,Natural Products
719,1089,Established,Grocery
720,946,Established,Grocery
721,133,Established,Grocery
722,56,Local,Grocery
723,152,Established,Grocery
724,2069,Established,Natural Products
725,946,Established,Grocery
726,2111,Established,Pharmaceutical
727,482,Established,Pharmaceutical
728,1016,Established,Grocery
729,757,Established,Grocery
730,839,Established,Pharmaceutical
731,56,Local,Grocery
732,1882,Established,Packaged Meat
733,56,Local,Grocery
734,56,Local,"Dairy, Juices & Snacks"
735,56,Local,Grocery
736,482,Established,Pharmaceutical
737,56,Local,Grocery
738,946,Established,Grocery
739,4374,Established,Pharmaceutical
740,4374,Established,Pharmaceutical
741,1609,Established,Grocery
742,56,Local,Packaged Meat
743,56,Local,Seafood
744,133,Established,Grocery
745,1,Established,Natural Products
746,1294,Established,Natural Products
747,56,Local,Grocery
748,56,Local,Packaged Meat
749,212,Established,Grocery
750,1343,Established,Packaged Meat
751,1,Established,Natural Products
752,3583,Established,Prepared Food
753,2550,Established,Meat
754,1592,Established,Grocery
755,757,Established,Grocery
756,56,Local,Pharmaceutical
757,56,Local,Grocery
758,56,Local,Grocery
759,487,Established,Grocery
760,4568,Established,Grocery
761,1474,Established,Grocery
762,133,Established,Grocery
763,989,Established,Packaged Meat
764,1212,Established,Grocery
765,1298,Established,Grocery
766,56,Local,Grocery
767,56,Local,Grocery
768,56,Local,Grocery
769,56,Local,Grocery
770,1,Established,Natural Products
771,56,Local,Grocery
772,219,Established,Pharmaceutical
773,56,Local,Grocery
774,4763,Established,Bakery
775,316,Established,Pharmaceutical
776,89,Established,Grocery
777,1617,Established,Pharmaceutical
778,89,Established,Grocery
779,522,Established,Grocery
780,1,Established,Natural Products
781,1665,Established,Grocery
782,1298,Established,Grocery
783,30,Established,Pharmaceutical
784,946,Established,Grocery
785,986,Established,Pharmaceutical
786,2024,Established,Grocery
787,212,Established,Grocery
788,56,Local,Grocery
789,2471,Established,Grocery
790,366,Established,Grocery
791,686,Established,Grocery
792,1013,Established,Grocery
793,280,Established,Grocery
794,1183,Established,Grocery
795,56,Local,Grocery
796,152,Established,Grocery
797,363,Established,Grocery
798,133,Established,Grocery
799,1294,Established,Natural Products
800,574,Established,Grocery
801,1615,Established,Grocery
802,56,Local,Packaged Meat
803,602,Established,Natural Products
804,332,Established,Grocery
805,158,Established,Pharmaceutical
806,303,Established,Pharmaceutical
807,172,Established,Grocery
808,1,Established,Natural Products
809,1,Established,Natural Products
810,1630,Established,Grocery
811,56,Local,Packaged Meat
812,363,Established,Grocery
813,56,Local,Grocery
814,209,Established,Grocery
815,56,Local,Grocery
816,172,Established,Grocery
817,1,Established,Natural Products
818,4477,Established,Grocery
819,56,Local,Grocery
820,56,Local,Seafood
821,56,Local,Grocery
822,280,Established,Grocery
823,453,Established,Packaged Meat
824,56,Local,Grocery
825,446,Established,Grocery
826,56,Local,Grocery
827,487,Established,Grocery
828,56,Local,Meat
829,602,Established,Natural Products
830,386,Established,Grocery
831,56,Local,Grocery
832,133,Established,Grocery
833,158,Established,Pharmaceutical
834,152,Established,Grocery
835,360,Established,Grocery
836,56,Local,Grocery
837,133,Established,Grocery
838,280,Established,Grocery
839,56,Local,Grocery
840,56,Local,Grocery
841,487,Established,Grocery
842,686,Established,Grocery
843,172,Established,Grocery
844,1612,Established,Grocery
845,158,Established,Pharmaceutical
846,602,Established,Natural Products
847,56,Local,Grocery
848,172,Established,Grocery
849,1468,Established,Bakery
850,278,Established,Grocery
851,1235,Established,Grocery
852,89,Established,Grocery
853,56,Local,Grocery
854,278,Established,Grocery
855,316,Established,Pharmaceutical
856,56,Local,Grocery
857,278,Established,Grocery
858,56,Local,Grocery
859,56,Local,Grocery
860,133,Established,Grocery
861,823,Established,Grocery
862,56,Local,Grocery
863,56,Local,Packaged Meat
864,212,Established,Grocery
865,56,Local,Grocery
866,56,Local,Grocery
867,360,Established,Grocery
868,124,Established,Grocery
869,56,Local,Grocery
870,280,Established,Grocery
871,387,Established,Grocery
872,89,Established,Grocery
873,487,Established,Grocery
874,56,Local,Grocery
875,387,Established,Grocery
876,56,Local,Grocery
877,133,Established,Grocery
878,172,Established,Grocery
879,1134,Established,Grocery
880,56,Local,Grocery
881,280,Established,Grocery
882,278,Established,Grocery
883,133,Established,Grocery
884,1592,Established,Grocery
885,1158,Established,Pharmaceutical
886,639,Established,Grocery
887,75,Established,Pharmaceutical
888,172,Established,Grocery
889,446,Established,Grocery
890,278,Established,Grocery
891,475,Established,Grocery
892,172,Established,Grocery
893,120,Established,Grocery
894,56,Local,Grocery
895,147,Established,Grocery
896,56,Local,Grocery
897,360,Established,Grocery
898,986,Established,Grocery
899,56,Local,Packaged Meat
900,1,Established,Natural Products
901,255,Established,Grocery
902,281,Established,Pharmaceutical
903,946,Established,Grocery
904,475,Established,Pharmaceutical
905,56,Local,Grocery
906,133,Established,Grocery
907,89,Established,Grocery
908,56,Local,Grocery
909,115,Established,Grocery
910,56,Local,Grocery
911,3318,Established,Prepared Food
912,56,Local,Grocery
913,56,Local,Grocery
914,124,Established,Grocery
915,89,Established,Grocery
916,350,Established,Packaged Meat
917,172,Established,Grocery
918,73,Established,Pharmaceutical
919,56,Local,Grocery
920,56,Local,Prepared Food
921,56,Local,Grocery
922,644,Established,Grocery
923,946,Established,Grocery
924,115,Established,Pharmaceutical
925,971,Established,Grocery
926,946,Established,Grocery
927,602,Established,Natural Products
928,147,Established,Grocery
929,686,Established,Grocery
930,56,Local,Grocery
931,56,Local,Natural Products
932,4430,Established,Grocery
933,89,Established,Grocery
934,278,Established,Grocery
935,1145,Established,Grocery
936,56,Local,Grocery
937,56,Local,Grocery
938,254,Established,Natural Products
939,350,Established,Packaged Meat
940,89,Established,Grocery
941,1490,Established,Grocery
942,89,Established,Grocery
943,829,Established,Pharmaceutical
944,56,Local,Grocery
945,982,Established,Seafood
946,281,Established,Pharmaceutical
947,387,Established,Grocery
948,172,Established,Grocery
949,487,Established,Grocery
950,487,Established,Grocery
951,115,Established,Pharmaceutical
952,522,Established,Grocery
953,997,Established,Grocery
954,115,Established,Pharmaceutical
955,248,Established,Grocery
956,278,Established,Grocery
957,56,Local,Grocery
958,147,Established,Grocery
959,209,Established,Grocery
960,209,Established,Grocery
961,1134,Established,Grocery
962,821,Established,Grocery
963,316,Established,Pharmaceutical
964,639,Established,Grocery
965,1101,Established,Grocery
966,278,Established,Grocery
967,986,Established,Grocery
968,4377,Established,Pharmaceutical
969,172,Established,Grocery
970,58,Established,Grocery
971,334,Established,Grocery
972,56,Local,Grocery
973,1558,Established,Grocery
974,1105,Established,Grocery
975,56,Local,Prepared Food
976,686,Established,Grocery
977,56,Local,Packaged Meat
978,56,Local,Seafood
979,278,Established,Grocery
980,360,Established,Grocery
981,255,Established,Grocery
982,56,Local,Grocery
983,280,Established,Grocery
984,89,Established,Grocery
985,316,Established,Pharmaceutical
986,278,Established,Grocery
987,989,Established,Packaged Meat
988,334,Established,Grocery
989,686,Established,Grocery
990,686,Established,Grocery
991,115,Established,Pharmaceutical
992,303,Established,Pharmaceutical
993,115,Established,Pharmaceutical
994,101,Established,Pharmaceutical
995,278,Established,Grocery
996,602,Established,Natural Products
997,278,Established,Grocery
998,278,Established,Grocery
999,446,Established,Grocery
